,User_ID,Age,Gender,Platform,Daily_Usage_Time (minutes),Posts_Per_Day,Likes_Received_Per_Day,Comments_Received_Per_Day,Messages_Sent_Per_Day,Dominant_Emotion
0,1.0,25,,Instagram,120.0,3.0,45.0,10.0,12.0,Happiness
1,2.0,30,,Twitter,90.0,5.0,20.0,25.0,30.0,Anger
2,3.0,22,,Facebook,60.0,2.0,15.0,5.0,20.0,Neutral
3,4.0,28,,Instagram,200.0,8.0,100.0,30.0,50.0,Anxiety
4,5.0,33,,LinkedIn,45.0,1.0,5.0,2.0,10.0,Boredom
5,6.0,21,,Instagram,150.0,4.0,60.0,15.0,25.0,Happiness
6,7.0,27,,Twitter,85.0,3.0,30.0,10.0,18.0,Anger
7,8.0,24,,Facebook,110.0,6.0,25.0,12.0,22.0,Sadness
8,9.0,29,,LinkedIn,55.0,2.0,10.0,3.0,8.0,Neutral
9,10.0,31,,Instagram,170.0,5.0,80.0,20.0,35.0,Happiness
10,11.0,23,,Twitter,75.0,4.0,35.0,7.0,20.0,Anxiety
11,12.0,26,,Facebook,95.0,3.0,20.0,10.0,18.0,Sadness
12,13.0,34,,LinkedIn,65.0,1.0,12.0,4.0,15.0,Boredom
13,14.0,22,,Instagram,180.0,7.0,90.0,25.0,40.0,Happiness
14,15.0,28,,Twitter,100.0,6.0,40.0,23.0,28.0,Anger
15,16.0,21,,Facebook,40.0,1.0,5.0,2.0,10.0,Neutral
16,17.0,35,,Instagram,125.0,4.0,55.0,18.0,30.0,Anxiety
17,18.0,27,,Twitter,90.0,3.0,33.0,15.0,25.0,Sadness
18,19.0,23,,LinkedIn,50.0,1.0,8.0,3.0,12.0,Neutral
19,20.0,32,,Instagram,140.0,5.0,70.0,22.0,33.0,Happiness
20,21.0,26,,Facebook,75.0,2.0,25.0,10.0,18.0,Anxiety
21,22.0,24,,Twitter,105.0,4.0,28.0,14.0,20.0,Anger
22,23.0,29,,LinkedIn,60.0,2.0,11.0,5.0,17.0,Boredom
23,24.0,33,,Instagram,190.0,8.0,95.0,26.0,45.0,Happiness
24,25.0,22,,Twitter,70.0,3.0,20.0,12.0,15.0,Sadness
25,26.0,31,,Facebook,80.0,2.0,18.0,8.0,21.0,Neutral
26,27.0,27,,LinkedIn,55.0,1.0,9.0,2.0,11.0,Anxiety
27,28.0,25,,Instagram,160.0,6.0,85.0,19.0,32.0,Happiness
28,29.0,30,,Twitter,90.0,4.0,38.0,17.0,24.0,Anger
29,30.0,26,,Facebook,45.0,1.0,6.0,3.0,10.0,Sadness
30,31.0,34,,LinkedIn,65.0,2.0,13.0,4.0,14.0,Boredom
31,32.0,28,,Instagram,145.0,5.0,75.0,20.0,35.0,Happiness
32,33.0,23,,Twitter,70.0,3.0,27.0,11.0,18.0,Neutral
33,34.0,21,,Instagram,130.0,6.0,88.0,15.0,30.0,Sadness
34,35.0,29,,Facebook,65.0,2.0,22.0,8.0,20.0,Anxiety
35,36.0,24,,LinkedIn,55.0,1.0,10.0,5.0,11.0,Boredom
36,37.0,33,,Instagram,170.0,7.0,90.0,25.0,40.0,Happiness
37,38.0,27,,Twitter,85.0,4.0,35.0,15.0,20.0,Anger
38,39.0,22,,Instagram,115.0,3.0,55.0,12.0,25.0,Neutral
39,40.0,28,,Facebook,100.0,2.0,18.0,10.0,22.0,Anxiety
40,41.0,31,,LinkedIn,45.0,1.0,6.0,2.0,9.0,Sadness
41,42.0,25,,Instagram,150.0,6.0,80.0,18.0,30.0,Happiness
42,43.0,29,,Twitter,95.0,4.0,40.0,20.0,22.0,Anger
43,44.0,23,,Facebook,105.0,2.0,20.0,8.0,18.0,Neutral
44,45.0,35,,LinkedIn,60.0,1.0,12.0,5.0,14.0,Boredom
45,46.0,30,,Instagram,175.0,7.0,85.0,23.0,38.0,Happiness
46,47.0,21,,Twitter,90.0,3.0,33.0,12.0,20.0,Sadness
47,48.0,26,,Facebook,75.0,2.0,28.0,11.0,18.0,Anxiety
48,49.0,32,,Instagram,130.0,5.0,70.0,19.0,31.0,Neutral
49,50.0,28,,LinkedIn,55.0,1.0,8.0,4.0,10.0,Boredom
50,51.0,27,,Instagram,165.0,6.0,78.0,22.0,27.0,Happiness
51,52.0,24,,Twitter,75.0,3.0,29.0,15.0,19.0,Anger
52,53.0,29,,Facebook,85.0,2.0,25.0,7.0,20.0,Neutral
53,54.0,33,,Instagram,145.0,4.0,60.0,18.0,35.0,Sadness
54,55.0,31,,LinkedIn,60.0,1.0,10.0,3.0,17.0,Anxiety
55,56.0,22,,Whatsapp,70.0,2.0,40.0,8.0,21.0,Anxiety
56,57.0,25,,Telegram,90.0,3.0,20.0,10.0,22.0,Boredom
57,58.0,29,,Snapchat,50.0,2.0,15.0,5.0,18.0,Sadness
58,59.0,28,,Twitter,95.0,4.0,45.0,20.0,25.0,Happiness
59,60.0,27,,Facebook,60.0,1.0,10.0,4.0,15.0,Boredom
60,61.0,30,,Instagram,175.0,6.0,70.0,23.0,33.0,Happiness
61,62.0,23,,Whatsapp,70.0,3.0,20.0,8.0,18.0,Anger
62,63.0,34,,Telegram,80.0,2.0,18.0,7.0,20.0,Neutral
63,64.0,26,,Snapchat,120.0,4.0,50.0,15.0,30.0,Anxiety
64,65.0,25,,Twitter,90.0,6.0,40.0,12.0,26.0,Sadness
65,66.0,29,,Facebook,60.0,1.0,8.0,2.0,12.0,Boredom
66,67.0,28,,Instagram,165.0,5.0,75.0,18.0,35.0,Happiness
67,68.0,31,,Whatsapp,65.0,2.0,25.0,8.0,20.0,Neutral
68,69.0,27,,Telegram,105.0,3.0,45.0,15.0,28.0,Anxiety
69,70.0,22,,Snapchat,75.0,2.0,18.0,6.0,20.0,Sadness
70,71.0,24,,Instagram,140.0,4.0,60.0,18.0,30.0,Happiness
71,72.0,35,,Twitter,70.0,1.0,12.0,7.0,10.0,Boredom
72,73.0,21,,Facebook,55.0,3.0,15.0,5.0,12.0,Neutral
73,74.0,29,,Whatsapp,90.0,2.0,20.0,9.0,22.0,Anger
74,75.0,25,,Telegram,80.0,4.0,28.0,11.0,25.0,Neutral
75,76.0,28,,Snapchat,115.0,3.0,36.0,12.0,27.0,Anxiety
76,77.0,32,,Instagram,155.0,6.0,72.0,20.0,38.0,Happiness
77,78.0,26,,Twitter,75.0,2.0,22.0,10.0,18.0,Sadness
78,79.0,33,,Facebook,65.0,1.0,12.0,5.0,14.0,Anxiety
79,80.0,27,,Whatsapp,90.0,4.0,35.0,14.0,20.0,Neutral
80,81.0,31,,Telegram,50.0,2.0,18.0,6.0,12.0,Sadness
81,82.0,24,,Snapchat,85.0,3.0,30.0,13.0,18.0,Happiness
82,83.0,34,,Instagram,120.0,5.0,55.0,19.0,25.0,Anger
83,84.0,22,,Twitter,70.0,1.0,20.0,5.0,22.0,Neutral
84,85.0,29,,Facebook,75.0,2.0,18.0,8.0,20.0,Boredom
85,86.0,28,,Whatsapp,100.0,4.0,35.0,12.0,26.0,Anxiety
86,87.0,31,,Telegram,85.0,3.0,40.0,15.0,28.0,Sadness
87,88.0,21,,Snapchat,60.0,1.0,15.0,5.0,12.0,Neutral
88,89.0,25,,Instagram,170.0,6.0,78.0,22.0,33.0,Happiness
89,90.0,30,,Twitter,70.0,2.0,28.0,10.0,20.0,Anxiety
90,91.0,27,,Facebook,50.0,1.0,8.0,2.0,10.0,Boredom
91,92.0,32,,Whatsapp,105.0,4.0,50.0,18.0,25.0,Anger
92,93.0,24,,Telegram,75.0,3.0,33.0,13.0,22.0,Neutral
93,94.0,29,,Snapchat,95.0,2.0,20.0,7.0,28.0,Sadness
94,95.0,26,,Instagram,150.0,5.0,65.0,20.0,30.0,Anxiety
95,96.0,33,,Twitter,85.0,4.0,30.0,13.0,18.0,Boredom
96,97.0,22,,Facebook,70.0,1.0,12.0,5.0,10.0,Neutral
97,98.0,35,,Whatsapp,110.0,3.0,45.0,20.0,25.0,Happiness
98,99.0,28,,Telegram,60.0,2.0,15.0,6.0,18.0,Anger
99,100.0,27,,Snapchat,120.0,4.0,38.0,13.0,22.0,Neutral
100,101.0,25,,Instagram,120.0,5.0,50.0,20.0,25.0,Happiness
101,102.0,30,,Twitter,90.0,4.0,30.0,20.0,22.0,Anger
102,103.0,22,,Facebook,60.0,2.0,20.0,10.0,15.0,Neutral
103,104.0,28,,Instagram,200.0,8.0,110.0,40.0,45.0,Anxiety
104,105.0,33,,LinkedIn,45.0,1.0,10.0,5.0,12.0,Boredom
105,106.0,21,,Instagram,150.0,5.0,65.0,25.0,30.0,Happiness
106,107.0,27,,Twitter,85.0,3.0,40.0,18.0,20.0,Anger
107,108.0,24,,Facebook,110.0,6.0,35.0,16.0,25.0,Sadness
108,109.0,29,,LinkedIn,55.0,2.0,15.0,5.0,10.0,Neutral
109,110.0,31,,Instagram,170.0,7.0,90.0,35.0,40.0,Happiness
110,111.0,23,,Twitter,75.0,4.0,45.0,20.0,25.0,Anxiety
111,112.0,26,,Facebook,95.0,3.0,30.0,14.0,18.0,Sadness
112,113.0,34,,LinkedIn,65.0,1.0,14.0,6.0,15.0,Boredom
113,114.0,22,,Instagram,180.0,8.0,100.0,38.0,45.0,Happiness
114,115.0,28,,Twitter,100.0,6.0,50.0,30.0,29.0,Anger
115,116.0,21,,Facebook,40.0,1.0,10.0,4.0,12.0,Neutral
116,117.0,35,,Instagram,125.0,5.0,65.0,22.0,28.0,Anxiety
117,118.0,27,,Twitter,90.0,3.0,40.0,16.0,24.0,Sadness
118,119.0,23,,LinkedIn,50.0,1.0,12.0,6.0,12.0,Neutral
119,120.0,32,,Instagram,140.0,6.0,75.0,28.0,30.0,Happiness
120,121.0,26,,Facebook,75.0,2.0,30.0,14.0,20.0,Anxiety
121,122.0,24,,Twitter,105.0,4.0,35.0,20.0,23.0,Anger
122,123.0,29,,LinkedIn,60.0,2.0,17.0,8.0,15.0,Boredom
123,124.0,33,,Instagram,190.0,8.0,105.0,36.0,50.0,Happiness
124,125.0,22,,Twitter,70.0,3.0,25.0,16.0,15.0,Sadness
125,126.0,31,,Facebook,80.0,2.0,20.0,10.0,20.0,Neutral
126,127.0,27,,LinkedIn,55.0,1.0,12.0,5.0,11.0,Anxiety
127,128.0,25,,Instagram,160.0,6.0,85.0,26.0,30.0,Happiness
128,129.0,30,,Twitter,90.0,4.0,43.0,19.0,24.0,Anger
129,130.0,26,,Facebook,45.0,1.0,8.0,4.0,12.0,Sadness
130,131.0,34,,LinkedIn,65.0,2.0,17.0,5.0,14.0,Boredom
131,132.0,28,,Instagram,145.0,7.0,80.0,30.0,35.0,Happiness
132,133.0,23,,Twitter,70.0,3.0,30.0,14.0,18.0,Neutral
133,134.0,21,,Instagram,130.0,6.0,95.0,22.0,28.0,Sadness
134,135.0,29,,Facebook,65.0,2.0,27.0,11.0,22.0,Anxiety
135,136.0,24,,LinkedIn,55.0,1.0,11.0,6.0,11.0,Boredom
136,137.0,33,,Instagram,170.0,7.0,95.0,30.0,38.0,Happiness
137,138.0,27,,Twitter,85.0,4.0,45.0,18.0,24.0,Anger
138,139.0,22,,Instagram,115.0,3.0,60.0,17.0,30.0,Neutral
139,140.0,28,,Facebook,100.0,2.0,22.0,12.0,25.0,Anxiety
140,141.0,31,,LinkedIn,45.0,1.0,9.0,4.0,10.0,Sadness
141,142.0,25,,Instagram,150.0,6.0,90.0,26.0,30.0,Happiness
142,143.0,29,,Twitter,95.0,4.0,50.0,22.0,22.0,Anger
143,144.0,23,,Facebook,105.0,2.0,25.0,12.0,18.0,Neutral
144,145.0,35,,LinkedIn,60.0,1.0,15.0,7.0,14.0,Boredom
145,146.0,30,,Instagram,175.0,7.0,100.0,33.0,38.0,Happiness
146,147.0,21,,Twitter,90.0,3.0,37.0,14.0,20.0,Sadness
147,148.0,26,,Facebook,75.0,2.0,30.0,12.0,18.0,Anxiety
148,149.0,32,,Instagram,130.0,5.0,80.0,28.0,31.0,Neutral
149,150.0,28,,LinkedIn,55.0,1.0,12.0,6.0,10.0,Boredom
150,151.0,27,,Instagram,165.0,6.0,85.0,30.0,28.0,Happiness
151,152.0,24,,Twitter,75.0,3.0,33.0,18.0,19.0,Anger
152,153.0,29,,Facebook,85.0,2.0,27.0,9.0,20.0,Neutral
153,154.0,33,,Instagram,145.0,4.0,65.0,23.0,35.0,Sadness
154,155.0,31,,LinkedIn,60.0,1.0,15.0,7.0,17.0,Anxiety
155,156.0,22,,Whatsapp,70.0,2.0,42.0,10.0,21.0,Anxiety
156,157.0,25,,Telegram,90.0,3.0,22.0,11.0,22.0,Boredom
157,158.0,29,,Snapchat,50.0,2.0,18.0,7.0,18.0,Sadness
158,159.0,28,,Twitter,95.0,4.0,48.0,22.0,25.0,Happiness
159,160.0,27,,Facebook,60.0,1.0,12.0,5.0,15.0,Boredom
160,161.0,30,,Instagram,175.0,6.0,72.0,30.0,33.0,Happiness
161,162.0,23,,Whatsapp,70.0,3.0,22.0,10.0,18.0,Anger
162,163.0,34,,Telegram,80.0,2.0,21.0,8.0,20.0,Neutral
163,164.0,26,,Snapchat,120.0,4.0,55.0,18.0,30.0,Anxiety
164,165.0,25,,Twitter,90.0,6.0,42.0,14.0,26.0,Sadness
165,166.0,29,,Facebook,60.0,1.0,12.0,4.0,12.0,Boredom
166,167.0,28,,Instagram,165.0,5.0,78.0,23.0,35.0,Happiness
167,168.0,31,,Whatsapp,65.0,2.0,27.0,10.0,20.0,Neutral
168,169.0,27,,Telegram,105.0,3.0,48.0,20.0,28.0,Anxiety
169,170.0,22,,Snapchat,75.0,2.0,21.0,8.0,20.0,Sadness
170,171.0,24,,Instagram,140.0,4.0,65.0,22.0,30.0,Happiness
171,172.0,35,,Twitter,70.0,1.0,13.0,8.0,10.0,Boredom
172,173.0,21,,Facebook,55.0,3.0,17.0,7.0,12.0,Neutral
173,174.0,29,,Whatsapp,90.0,2.0,24.0,12.0,22.0,Anger
174,175.0,25,,Telegram,80.0,4.0,30.0,13.0,25.0,Neutral
175,176.0,28,,Snapchat,115.0,3.0,38.0,18.0,27.0,Anxiety
176,177.0,32,,Instagram,155.0,6.0,75.0,25.0,38.0,Happiness
177,178.0,26,,Twitter,75.0,2.0,23.0,12.0,18.0,Sadness
178,179.0,33,,Facebook,65.0,1.0,13.0,7.0,14.0,Anxiety
179,180.0,27,,Whatsapp,90.0,4.0,37.0,18.0,20.0,Neutral
180,181.0,31,,Telegram,50.0,2.0,20.0,10.0,12.0,Sadness
181,182.0,24,,Snapchat,85.0,3.0,33.0,20.0,18.0,Happiness
182,183.0,34,,Instagram,120.0,5.0,60.0,25.0,25.0,Anger
183,184.0,22,,Twitter,70.0,1.0,22.0,7.0,22.0,Neutral
184,185.0,29,,Facebook,75.0,2.0,20.0,8.0,20.0,Boredom
185,186.0,28,,Whatsapp,100.0,4.0,37.0,14.0,26.0,Anxiety
186,187.0,31,,Telegram,85.0,3.0,45.0,20.0,28.0,Sadness
187,188.0,21,,Snapchat,60.0,1.0,18.0,7.0,12.0,Neutral
188,189.0,25,,Instagram,170.0,6.0,83.0,30.0,33.0,Happiness
189,190.0,30,,Twitter,70.0,2.0,30.0,12.0,20.0,Anxiety
190,191.0,27,,Facebook,50.0,1.0,10.0,4.0,10.0,Boredom
191,192.0,32,,Whatsapp,105.0,4.0,55.0,25.0,25.0,Anger
192,193.0,24,,Telegram,75.0,3.0,37.0,16.0,22.0,Neutral
193,194.0,29,,Snapchat,95.0,2.0,23.0,10.0,28.0,Sadness
194,195.0,26,,Instagram,150.0,5.0,70.0,25.0,30.0,Anxiety
195,196.0,33,,Twitter,85.0,4.0,35.0,18.0,18.0,Boredom
196,197.0,22,,Facebook,70.0,1.0,14.0,6.0,10.0,Neutral
197,198.0,35,,Whatsapp,110.0,3.0,50.0,25.0,25.0,Happiness
198,199.0,28,,Telegram,60.0,2.0,18.0,8.0,18.0,Anger
199,200.0,27,,Snapchat,120.0,4.0,40.0,18.0,22.0,Neutral
200,201.0,25,,Instagram,120.0,5.0,50.0,20.0,25.0,Happiness
201,202.0,30,,Twitter,90.0,4.0,30.0,20.0,22.0,Anger
202,203.0,22,,Facebook,60.0,2.0,20.0,10.0,15.0,Neutral
203,204.0,28,,Instagram,200.0,8.0,110.0,40.0,45.0,Anxiety
204,205.0,33,,LinkedIn,45.0,1.0,10.0,5.0,12.0,Boredom
205,206.0,21,,Instagram,150.0,5.0,65.0,25.0,30.0,Happiness
206,207.0,27,,Twitter,85.0,3.0,40.0,18.0,20.0,Anger
207,208.0,24,,Facebook,110.0,6.0,35.0,16.0,25.0,Sadness
208,209.0,29,,LinkedIn,55.0,2.0,15.0,5.0,10.0,Neutral
209,210.0,31,,Instagram,170.0,7.0,90.0,35.0,40.0,Happiness
210,211.0,23,,Twitter,75.0,4.0,45.0,20.0,25.0,Anxiety
211,212.0,26,,Facebook,95.0,3.0,30.0,14.0,18.0,Sadness
212,213.0,34,,LinkedIn,65.0,1.0,14.0,6.0,15.0,Boredom
213,214.0,22,,Instagram,180.0,8.0,100.0,38.0,45.0,Happiness
214,215.0,28,,Twitter,100.0,6.0,50.0,30.0,29.0,Anger
215,216.0,21,,Facebook,40.0,1.0,10.0,4.0,12.0,Neutral
216,217.0,35,,Instagram,125.0,5.0,65.0,22.0,28.0,Anxiety
217,218.0,27,,Twitter,90.0,3.0,40.0,16.0,24.0,Sadness
218,219.0,23,,LinkedIn,50.0,1.0,12.0,6.0,12.0,Neutral
219,220.0,32,,Instagram,140.0,6.0,75.0,28.0,30.0,Happiness
220,221.0,26,,Facebook,75.0,2.0,30.0,14.0,20.0,Anxiety
221,222.0,24,,Twitter,105.0,4.0,35.0,20.0,23.0,Anger
222,223.0,29,,LinkedIn,60.0,2.0,17.0,8.0,15.0,Boredom
223,224.0,33,,Instagram,190.0,8.0,105.0,36.0,50.0,Happiness
224,225.0,22,,Twitter,70.0,3.0,25.0,16.0,15.0,Sadness
225,226.0,31,,Facebook,80.0,2.0,20.0,10.0,20.0,Neutral
226,227.0,27,,LinkedIn,55.0,1.0,12.0,5.0,11.0,Anxiety
227,228.0,25,,Instagram,160.0,6.0,85.0,26.0,30.0,Happiness
228,229.0,30,,Twitter,90.0,4.0,43.0,19.0,24.0,Anger
229,230.0,26,,Facebook,45.0,1.0,8.0,4.0,12.0,Sadness
230,231.0,34,,LinkedIn,65.0,2.0,17.0,5.0,14.0,Boredom
231,232.0,28,,Instagram,145.0,7.0,80.0,30.0,35.0,Happiness
232,233.0,23,,Twitter,70.0,3.0,30.0,14.0,18.0,Neutral
233,234.0,21,,Instagram,130.0,6.0,95.0,22.0,28.0,Sadness
234,235.0,29,,Facebook,65.0,2.0,27.0,11.0,22.0,Anxiety
235,236.0,24,,LinkedIn,55.0,1.0,11.0,6.0,11.0,Boredom
236,237.0,33,,Instagram,170.0,7.0,95.0,30.0,38.0,Happiness
237,238.0,27,,Twitter,85.0,4.0,45.0,18.0,24.0,Anger
238,239.0,22,,Instagram,115.0,3.0,60.0,17.0,30.0,Neutral
239,240.0,28,,Facebook,100.0,2.0,22.0,12.0,25.0,Anxiety
240,241.0,31,,LinkedIn,45.0,1.0,9.0,4.0,10.0,Sadness
241,242.0,25,,Instagram,150.0,6.0,90.0,26.0,30.0,Happiness
242,243.0,29,,Twitter,95.0,4.0,50.0,22.0,22.0,Anger
243,244.0,23,,Facebook,105.0,2.0,25.0,12.0,18.0,Neutral
244,245.0,35,,LinkedIn,60.0,1.0,15.0,7.0,14.0,Boredom
245,246.0,30,,Instagram,175.0,7.0,100.0,33.0,38.0,Happiness
246,247.0,21,,Twitter,90.0,3.0,37.0,14.0,20.0,Sadness
247,248.0,26,,Facebook,75.0,2.0,30.0,12.0,18.0,Anxiety
248,249.0,32,,Instagram,130.0,5.0,80.0,28.0,31.0,Neutral
249,250.0,28,,LinkedIn,55.0,1.0,12.0,6.0,10.0,Boredom
250,251.0,Non-binary,29.0,Instagram,165.0,6.0,85.0,30.0,28.0,Happiness
251,252.0,Female,33.0,Twitter,75.0,3.0,33.0,18.0,19.0,Anger
252,253.0,Male,31.0,Facebook,85.0,2.0,27.0,9.0,20.0,Neutral
253,254.0,Female,22.0,Instagram,145.0,4.0,65.0,23.0,35.0,Sadness
254,255.0,Male,25.0,LinkedIn,60.0,1.0,15.0,7.0,17.0,Anxiety
255,256.0,Non-binary,29.0,Whatsapp,70.0,2.0,42.0,10.0,21.0,Anxiety
256,257.0,Female,28.0,Telegram,90.0,3.0,22.0,11.0,22.0,Boredom
257,258.0,Male,27.0,Snapchat,50.0,2.0,18.0,7.0,18.0,Sadness
258,259.0,Female,30.0,Twitter,95.0,4.0,48.0,22.0,25.0,Happiness
259,260.0,Male,23.0,Facebook,60.0,1.0,12.0,5.0,15.0,Boredom
260,261.0,Non-binary,34.0,Instagram,175.0,6.0,72.0,30.0,33.0,Happiness
261,262.0,Female,26.0,Whatsapp,70.0,3.0,22.0,10.0,18.0,Anger
262,263.0,Male,25.0,Telegram,80.0,2.0,21.0,8.0,20.0,Neutral
263,264.0,Non-binary,29.0,Snapchat,120.0,4.0,55.0,18.0,30.0,Anxiety
264,265.0,Male,28.0,Twitter,90.0,6.0,42.0,14.0,26.0,Sadness
265,266.0,Female,31.0,Facebook,60.0,1.0,12.0,4.0,12.0,Boredom
266,267.0,Male,27.0,Instagram,165.0,5.0,78.0,23.0,35.0,Happiness
267,268.0,Non-binary,22.0,Whatsapp,65.0,2.0,27.0,10.0,20.0,Neutral
268,269.0,Female,24.0,Telegram,105.0,3.0,48.0,20.0,28.0,Anxiety
269,270.0,Male,35.0,Snapchat,75.0,2.0,21.0,8.0,20.0,Sadness
270,271.0,Non-binary,21.0,Instagram,140.0,4.0,65.0,22.0,30.0,Happiness
271,272.0,Female,29.0,Twitter,70.0,1.0,13.0,8.0,10.0,Boredom
272,273.0,Male,25.0,Facebook,55.0,3.0,17.0,7.0,12.0,Neutral
273,274.0,Non-binary,28.0,Whatsapp,90.0,2.0,24.0,12.0,22.0,Anger
274,275.0,Female,32.0,Telegram,80.0,4.0,30.0,13.0,25.0,Neutral
275,276.0,Male,26.0,Snapchat,115.0,3.0,38.0,18.0,27.0,Anxiety
276,277.0,Non-binary,33.0,Instagram,155.0,6.0,75.0,25.0,38.0,Happiness
277,278.0,Female,27.0,Twitter,75.0,2.0,23.0,12.0,18.0,Sadness
278,279.0,Male,31.0,Facebook,65.0,1.0,13.0,7.0,14.0,Anxiety
279,280.0,Non-binary,24.0,Whatsapp,90.0,4.0,37.0,18.0,20.0,Neutral
280,281.0,Female,34.0,Telegram,50.0,2.0,20.0,10.0,12.0,Sadness
281,282.0,Male,22.0,Snapchat,85.0,3.0,33.0,20.0,18.0,Happiness
282,283.0,Non-binary,29.0,Instagram,120.0,5.0,60.0,25.0,25.0,Anger
283,284.0,Female,28.0,Twitter,70.0,1.0,22.0,7.0,22.0,Neutral
284,285.0,Male,31.0,Facebook,75.0,2.0,20.0,8.0,20.0,Boredom
285,286.0,Non-binary,21.0,Whatsapp,100.0,4.0,37.0,14.0,26.0,Anxiety
286,287.0,25,,Telegram,85.0,3.0,45.0,20.0,28.0,Sadness
287,288.0,27.0,Male,Snapchat,60.0,1.0,18.0,7.0,12.0,Neutral
288,289.0,24.0,Female,Instagram,170.0,6.0,83.0,30.0,33.0,Happiness
289,290.0,30,,Twitter,70.0,2.0,30.0,12.0,20.0,Anxiety
290,291.0,27,,Facebook,50.0,1.0,10.0,4.0,10.0,Boredom
291,292.0,32,,Whatsapp,105.0,4.0,55.0,25.0,25.0,Anger
292,293.0,24,,Telegram,75.0,3.0,37.0,16.0,22.0,Neutral
293,294.0,29,,Snapchat,95.0,2.0,23.0,10.0,28.0,Sadness
294,295.0,26,,Instagram,150.0,5.0,70.0,25.0,30.0,Anxiety
295,296.0,33,,Twitter,85.0,4.0,35.0,18.0,18.0,Boredom
296,297.0,22,,Facebook,70.0,1.0,14.0,6.0,10.0,Neutral
297,298.0,35,,Whatsapp,110.0,3.0,50.0,25.0,25.0,Happiness
298,299.0,28,,Telegram,60.0,2.0,18.0,8.0,18.0,Anger
299,300.0,27,,Snapchat,120.0,4.0,40.0,18.0,22.0,Neutral
300,301.0,25,,Instagram,120.0,5.0,50.0,20.0,25.0,Happiness
301,302.0,30,,Twitter,90.0,4.0,30.0,20.0,22.0,Anger
302,303.0,22,,Facebook,60.0,2.0,20.0,10.0,15.0,Neutral
303,304.0,28,,Instagram,200.0,8.0,110.0,40.0,45.0,Anxiety
304,305.0,33,,LinkedIn,45.0,1.0,10.0,5.0,12.0,Boredom
305,306.0,21,,Instagram,150.0,5.0,65.0,25.0,30.0,Happiness
306,307.0,27,,Twitter,85.0,3.0,40.0,18.0,20.0,Anger
307,308.0,24,,Facebook,110.0,6.0,35.0,16.0,25.0,Sadness
308,309.0,29,,LinkedIn,55.0,2.0,15.0,5.0,10.0,Neutral
309,310.0,31,,Instagram,170.0,7.0,90.0,35.0,40.0,Happiness
310,311.0,23,,Twitter,75.0,4.0,45.0,20.0,25.0,Anxiety
311,312.0,26,,Facebook,95.0,3.0,30.0,14.0,18.0,Sadness
312,313.0,34,,LinkedIn,65.0,1.0,14.0,6.0,15.0,Boredom
313,314.0,22,,Instagram,180.0,8.0,100.0,38.0,45.0,Happiness
314,315.0,28,,Twitter,100.0,6.0,50.0,30.0,29.0,Anger
315,316.0,21,,Facebook,40.0,1.0,10.0,4.0,12.0,Neutral
316,317.0,35,,Instagram,125.0,5.0,65.0,22.0,28.0,Anxiety
317,318.0,27,,Twitter,90.0,3.0,40.0,16.0,24.0,Sadness
318,319.0,23,,LinkedIn,50.0,1.0,12.0,6.0,12.0,Neutral
319,320.0,32,,Instagram,140.0,6.0,75.0,28.0,30.0,Happiness
320,321.0,26,,Facebook,75.0,2.0,30.0,14.0,20.0,Anxiety
321,322.0,24,,Twitter,105.0,4.0,35.0,20.0,23.0,Anger
322,323.0,29,,LinkedIn,60.0,2.0,17.0,8.0,15.0,Boredom
323,324.0,33,,Instagram,190.0,8.0,105.0,36.0,50.0,Happiness
324,325.0,22,,Twitter,70.0,3.0,25.0,16.0,15.0,Sadness
325,326.0,31,,Facebook,80.0,2.0,20.0,10.0,20.0,Neutral
326,327.0,27,,LinkedIn,55.0,1.0,12.0,5.0,11.0,Anxiety
327,328.0,25,,Instagram,160.0,6.0,85.0,26.0,30.0,Happiness
328,329.0,30,,Twitter,90.0,4.0,43.0,19.0,24.0,Anger
329,330.0,26,,Facebook,45.0,1.0,8.0,4.0,12.0,Sadness
330,331.0,34,,LinkedIn,65.0,2.0,17.0,5.0,14.0,Boredom
331,332.0,28,,Instagram,145.0,7.0,80.0,30.0,35.0,Happiness
332,333.0,23,,Twitter,70.0,3.0,30.0,14.0,18.0,Neutral
333,334.0,21,,Instagram,130.0,6.0,95.0,22.0,28.0,Sadness
334,335.0,29,,Facebook,65.0,2.0,27.0,11.0,22.0,Anxiety
335,336.0,24,,LinkedIn,55.0,1.0,11.0,6.0,11.0,Boredom
336,337.0,33,,Instagram,170.0,7.0,95.0,30.0,38.0,Happiness
337,338.0,27,,Twitter,85.0,4.0,45.0,18.0,24.0,Anger
338,339.0,22,,Instagram,115.0,3.0,60.0,17.0,30.0,Neutral
339,340.0,28,,Facebook,100.0,2.0,22.0,12.0,25.0,Anxiety
340,341.0,31,,LinkedIn,45.0,1.0,9.0,4.0,10.0,Sadness
341,342.0,25,,Instagram,150.0,6.0,90.0,26.0,30.0,Happiness
342,343.0,29,,Twitter,95.0,4.0,50.0,22.0,22.0,Anger
343,344.0,23,,Facebook,105.0,2.0,25.0,12.0,18.0,Neutral
344,345.0,35,,LinkedIn,60.0,1.0,15.0,7.0,14.0,Boredom
345,346.0,30,,Instagram,175.0,7.0,100.0,33.0,38.0,Happiness
346,347.0,21,,Twitter,90.0,3.0,37.0,14.0,20.0,Sadness
347,348.0,26,,Facebook,75.0,2.0,30.0,12.0,18.0,Anxiety
348,349.0,32,,Instagram,130.0,5.0,80.0,28.0,31.0,Neutral
349,350.0,28,,LinkedIn,55.0,1.0,12.0,6.0,10.0,Boredom
350,351.0,27,,Instagram,165.0,6.0,85.0,30.0,28.0,Happiness
351,352.0,24,,Twitter,75.0,3.0,33.0,18.0,19.0,Anger
352,353.0,29,,Facebook,85.0,2.0,27.0,9.0,20.0,Neutral
353,354.0,33,,Instagram,145.0,4.0,65.0,23.0,35.0,Sadness
354,355.0,31,,LinkedIn,60.0,1.0,15.0,7.0,17.0,Anxiety
355,356.0,22,,Whatsapp,70.0,2.0,42.0,10.0,21.0,Anxiety
356,357.0,25,,Telegram,90.0,3.0,22.0,11.0,22.0,Boredom
357,358.0,29,,Snapchat,50.0,2.0,18.0,7.0,18.0,Sadness
358,359.0,28,,Twitter,95.0,4.0,48.0,22.0,25.0,Happiness
359,360.0,27,,Facebook,60.0,1.0,12.0,5.0,15.0,Boredom
360,361.0,30,,Instagram,175.0,6.0,72.0,30.0,33.0,Happiness
361,362.0,23,,Whatsapp,70.0,3.0,22.0,10.0,18.0,Anger
362,363.0,34,,Telegram,80.0,2.0,21.0,8.0,20.0,Neutral
363,364.0,26,,Snapchat,120.0,4.0,55.0,18.0,30.0,Anxiety
364,365.0,25,,Twitter,90.0,6.0,42.0,14.0,26.0,Sadness
365,366.0,29,,Facebook,60.0,1.0,12.0,4.0,12.0,Boredom
366,367.0,28,,Instagram,165.0,5.0,78.0,23.0,35.0,Happiness
367,368.0,31,,Whatsapp,65.0,2.0,27.0,10.0,20.0,Neutral
368,369.0,27,,Telegram,105.0,3.0,48.0,20.0,28.0,Anxiety
369,370.0,22,,Snapchat,75.0,2.0,21.0,8.0,20.0,Sadness
370,371.0,24,,Instagram,140.0,4.0,65.0,22.0,30.0,Happiness
371,372.0,35,,Twitter,70.0,1.0,13.0,8.0,10.0,Boredom
372,373.0,21,,Facebook,55.0,3.0,17.0,7.0,12.0,Neutral
373,374.0,29,,Whatsapp,90.0,2.0,24.0,12.0,22.0,Anger
374,375.0,25,,Telegram,80.0,4.0,30.0,13.0,25.0,Neutral
375,376.0,28,,Snapchat,115.0,3.0,38.0,18.0,27.0,Anxiety
376,377.0,32,,Instagram,155.0,6.0,75.0,25.0,38.0,Happiness
377,378.0,26,,Twitter,75.0,2.0,23.0,12.0,18.0,Sadness
378,379.0,33,,Facebook,65.0,1.0,13.0,7.0,14.0,Anxiety
379,380.0,27,,Whatsapp,90.0,4.0,37.0,18.0,20.0,Neutral
380,381.0,31,,Telegram,50.0,2.0,20.0,10.0,12.0,Sadness
381,382.0,24,,Snapchat,85.0,3.0,33.0,20.0,18.0,Happiness
382,383.0,34,,Instagram,120.0,5.0,60.0,25.0,25.0,Anger
383,384.0,22,,Twitter,70.0,1.0,22.0,7.0,22.0,Neutral
384,385.0,29,,Facebook,75.0,2.0,20.0,8.0,20.0,Boredom
385,386.0,28,,Whatsapp,100.0,4.0,37.0,14.0,26.0,Anxiety
386,387.0,31,,Telegram,85.0,3.0,45.0,20.0,28.0,Sadness
387,388.0,21,,Snapchat,60.0,1.0,18.0,7.0,12.0,Neutral
388,389.0,25,,Instagram,170.0,6.0,83.0,30.0,33.0,Happiness
389,390.0,30,,Twitter,70.0,2.0,30.0,12.0,20.0,Anxiety
390,391.0,27,,Facebook,50.0,1.0,10.0,4.0,10.0,Boredom
391,392.0,32,,Whatsapp,105.0,4.0,55.0,25.0,25.0,Anger
392,393.0,24,,Telegram,75.0,3.0,37.0,16.0,22.0,Neutral
393,394.0,29,,Snapchat,95.0,2.0,23.0,10.0,28.0,Sadness
394,395.0,26,,Instagram,150.0,5.0,70.0,25.0,30.0,Anxiety
395,396.0,33,,Twitter,85.0,4.0,35.0,18.0,18.0,Boredom
396,397.0,22,,Facebook,70.0,1.0,14.0,6.0,10.0,Neutral
397,398.0,35,,Whatsapp,110.0,3.0,50.0,25.0,25.0,Happiness
398,399.0,28,,Telegram,60.0,2.0,18.0,8.0,18.0,Anger
399,400.0,27,,Snapchat,120.0,4.0,40.0,18.0,22.0,Neutral
400,401.0,25,,Instagram,120.0,5.0,50.0,20.0,25.0,Happiness
401,402.0,30,,Twitter,90.0,4.0,30.0,20.0,22.0,Anger
402,403.0,22,,Facebook,60.0,2.0,20.0,10.0,15.0,Neutral
403,404.0,28,,Instagram,200.0,8.0,110.0,40.0,45.0,Anxiety
404,405.0,33,,LinkedIn,45.0,1.0,10.0,5.0,12.0,Boredom
405,406.0,21,,Instagram,150.0,5.0,65.0,25.0,30.0,Happiness
406,407.0,27,,Twitter,85.0,3.0,40.0,18.0,20.0,Anger
407,408.0,24,,Facebook,110.0,6.0,35.0,16.0,25.0,Sadness
408,409.0,29,,LinkedIn,55.0,2.0,15.0,5.0,10.0,Neutral
409,410.0,31,,Instagram,170.0,7.0,90.0,35.0,40.0,Happiness
410,411.0,23,,Twitter,75.0,4.0,45.0,20.0,25.0,Anxiety
411,412.0,26,,Facebook,95.0,3.0,30.0,14.0,18.0,Sadness
412,413.0,34,,LinkedIn,65.0,1.0,14.0,6.0,15.0,Boredom
413,414.0,22,,Instagram,180.0,8.0,100.0,38.0,45.0,Happiness
414,415.0,28,,Twitter,100.0,6.0,50.0,30.0,29.0,Anger
415,416.0,21,,Facebook,40.0,1.0,10.0,4.0,12.0,Neutral
416,417.0,35,,Instagram,125.0,5.0,65.0,22.0,28.0,Anxiety
417,418.0,27,,Twitter,90.0,3.0,40.0,16.0,24.0,Sadness
418,419.0,23,,LinkedIn,50.0,1.0,12.0,6.0,12.0,Neutral
419,420.0,32,,Instagram,140.0,6.0,75.0,28.0,30.0,Happiness
420,421.0,26,,Facebook,75.0,2.0,30.0,14.0,20.0,Anxiety
421,422.0,24,,Twitter,105.0,4.0,35.0,20.0,23.0,Anger
422,423.0,29,,LinkedIn,60.0,2.0,17.0,8.0,15.0,Boredom
423,424.0,33,,Instagram,190.0,8.0,105.0,36.0,50.0,Happiness
424,425.0,22,,Twitter,70.0,3.0,25.0,16.0,15.0,Sadness
425,426.0,31,,Facebook,80.0,2.0,20.0,10.0,20.0,Neutral
426,427.0,27,,LinkedIn,55.0,1.0,12.0,5.0,11.0,Anxiety
427,428.0,25,,Instagram,160.0,6.0,85.0,26.0,30.0,Happiness
428,429.0,30,,Twitter,90.0,4.0,43.0,19.0,24.0,Anger
429,430.0,26,,Facebook,45.0,1.0,8.0,4.0,12.0,Sadness
430,431.0,34,,LinkedIn,65.0,2.0,17.0,5.0,14.0,Boredom
431,432.0,28,,Instagram,145.0,7.0,80.0,30.0,35.0,Happiness
432,433.0,23,,Twitter,70.0,3.0,30.0,14.0,18.0,Neutral
433,434.0,21,,Instagram,130.0,6.0,95.0,22.0,28.0,Sadness
434,435.0,29,,Facebook,65.0,2.0,27.0,11.0,22.0,Anxiety
435,436.0,24,,LinkedIn,55.0,1.0,11.0,6.0,11.0,Boredom
436,437.0,33,,Instagram,170.0,7.0,95.0,30.0,38.0,Happiness
437,438.0,27,,Twitter,85.0,4.0,45.0,18.0,24.0,Anger
438,439.0,22,,Instagram,115.0,3.0,60.0,17.0,30.0,Neutral
439,440.0,28,,Facebook,100.0,2.0,22.0,12.0,25.0,Anxiety
440,441.0,31,,LinkedIn,45.0,1.0,9.0,4.0,10.0,Sadness
441,442.0,25,,Instagram,150.0,6.0,90.0,26.0,30.0,Happiness
442,443.0,29,,Twitter,95.0,4.0,50.0,22.0,22.0,Anger
443,444.0,23,,Facebook,105.0,2.0,25.0,12.0,18.0,Neutral
444,445.0,35,,LinkedIn,60.0,1.0,15.0,7.0,14.0,Boredom
445,446.0,30,,Instagram,175.0,7.0,100.0,33.0,38.0,Happiness
446,447.0,21,,Twitter,90.0,3.0,37.0,14.0,20.0,Sadness
447,448.0,26,,Facebook,75.0,2.0,30.0,12.0,18.0,Anxiety
448,449.0,32,,Instagram,130.0,5.0,80.0,28.0,31.0,Neutral
449,450.0,28,,LinkedIn,55.0,1.0,12.0,6.0,10.0,Boredom
450,451.0,27,,Instagram,165.0,6.0,85.0,30.0,28.0,Happiness
451,452.0,24,,Twitter,75.0,3.0,33.0,18.0,19.0,Anger
452,453.0,29,,Facebook,85.0,2.0,27.0,9.0,20.0,Neutral
453,454.0,33,,Instagram,145.0,4.0,65.0,23.0,35.0,Sadness
454,455.0,31,,LinkedIn,60.0,1.0,15.0,7.0,17.0,Anxiety
455,456.0,22,,Whatsapp,70.0,2.0,42.0,10.0,21.0,Anxiety
456,457.0,25,,Telegram,90.0,3.0,22.0,11.0,22.0,Boredom
457,458.0,29,,Snapchat,50.0,2.0,18.0,7.0,18.0,Sadness
458,459.0,28,,Twitter,95.0,4.0,48.0,22.0,25.0,Happiness
459,460.0,27,,Facebook,60.0,1.0,12.0,5.0,15.0,Boredom
460,461.0,30,,Instagram,175.0,6.0,72.0,30.0,33.0,Happiness
461,462.0,23,,Whatsapp,70.0,3.0,22.0,10.0,18.0,Anger
462,463.0,34,,Telegram,80.0,2.0,21.0,8.0,20.0,Neutral
463,464.0,26,,Snapchat,120.0,4.0,55.0,18.0,30.0,Anxiety
464,465.0,25,,Twitter,90.0,6.0,42.0,14.0,26.0,Sadness
465,466.0,29,,Facebook,60.0,1.0,12.0,4.0,12.0,Boredom
466,467.0,28,,Instagram,165.0,5.0,78.0,23.0,35.0,Happiness
467,468.0,31,,Whatsapp,65.0,2.0,27.0,10.0,20.0,Neutral
468,469.0,27,,Telegram,105.0,3.0,48.0,20.0,28.0,Anxiety
469,470.0,22,,Snapchat,75.0,2.0,21.0,8.0,20.0,Sadness
470,471.0,24,,Instagram,140.0,4.0,65.0,22.0,30.0,Happiness
471,472.0,35,,Twitter,70.0,1.0,13.0,8.0,10.0,Boredom
472,473.0,21,,Facebook,55.0,3.0,17.0,7.0,12.0,Neutral
473,474.0,29,,Whatsapp,90.0,2.0,24.0,12.0,22.0,Anger
474,475.0,25,,Telegram,80.0,4.0,30.0,13.0,25.0,Neutral
475,476.0,28,,Snapchat,115.0,3.0,38.0,18.0,27.0,Anxiety
476,477.0,32,,Instagram,155.0,6.0,75.0,25.0,38.0,Happiness
477,478.0,26,,Twitter,75.0,2.0,23.0,12.0,18.0,Sadness
478,479.0,33,,Facebook,65.0,1.0,13.0,7.0,14.0,Anxiety
479,480.0,27,,Whatsapp,90.0,4.0,37.0,18.0,20.0,Neutral
480,481.0,31,,Telegram,50.0,2.0,20.0,10.0,12.0,Sadness
481,482.0,24,,Snapchat,85.0,3.0,33.0,20.0,18.0,Happiness
482,483.0,34,,Instagram,120.0,5.0,60.0,25.0,25.0,Anger
483,484.0,22,,Twitter,70.0,1.0,22.0,7.0,22.0,Neutral
484,485.0,29,,Facebook,75.0,2.0,20.0,8.0,20.0,Boredom
485,486.0,28,,Whatsapp,100.0,4.0,37.0,14.0,26.0,Anxiety
486,487.0,31,,Telegram,85.0,3.0,45.0,20.0,28.0,Sadness
487,488.0,21,,Snapchat,60.0,1.0,18.0,7.0,12.0,Neutral
488,489.0,25,,Instagram,170.0,6.0,83.0,30.0,33.0,Happiness
489,490.0,30,,Twitter,70.0,2.0,30.0,12.0,20.0,Anxiety
490,491.0,27,,Facebook,50.0,1.0,10.0,4.0,10.0,Boredom
491,492.0,32,,Whatsapp,105.0,4.0,55.0,25.0,25.0,Anger
492,493.0,24,,Telegram,75.0,3.0,37.0,16.0,22.0,Neutral
493,494.0,29,,Snapchat,95.0,2.0,23.0,10.0,28.0,Sadness
494,495.0,26,,Instagram,150.0,5.0,70.0,25.0,30.0,Anxiety
495,496.0,33,,Twitter,85.0,4.0,35.0,18.0,18.0,Boredom
496,497.0,22,,Facebook,70.0,1.0,14.0,6.0,10.0,Neutral
497,498.0,35,,Whatsapp,110.0,3.0,50.0,25.0,25.0,Happiness
498,499.0,28,,Telegram,60.0,2.0,18.0,8.0,18.0,Anger
499,500.0,27,,Snapchat,120.0,4.0,40.0,18.0,22.0,Neutral
500,501.0,25,,Instagram,120.0,5.0,50.0,20.0,25.0,Happiness
501,502.0,30,,Twitter,90.0,4.0,30.0,20.0,22.0,Anger
502,503.0,22,,Facebook,60.0,2.0,20.0,10.0,15.0,Neutral
503,504.0,28,,Instagram,200.0,8.0,110.0,40.0,45.0,Anxiety
504,505.0,33,,LinkedIn,45.0,1.0,10.0,5.0,12.0,Boredom
505,506.0,21,,Instagram,150.0,5.0,65.0,25.0,30.0,Happiness
506,507.0,27,,Twitter,85.0,3.0,40.0,18.0,20.0,Anger
507,508.0,24,,Facebook,110.0,6.0,35.0,16.0,25.0,Sadness
508,509.0,29,,LinkedIn,55.0,2.0,15.0,5.0,10.0,Neutral
509,510.0,31,,Instagram,170.0,7.0,90.0,35.0,40.0,Happiness
510,511.0,23,,Twitter,75.0,4.0,45.0,20.0,25.0,Anxiety
511,512.0,26,,Facebook,95.0,3.0,30.0,14.0,18.0,Sadness
512,513.0,34,,LinkedIn,65.0,1.0,14.0,6.0,15.0,Boredom
513,514.0,22,,Instagram,180.0,8.0,100.0,38.0,45.0,Happiness
514,515.0,28,,Twitter,100.0,6.0,50.0,30.0,29.0,Anger
515,516.0,21,,Facebook,40.0,1.0,10.0,4.0,12.0,Neutral
516,517.0,35,,Instagram,125.0,5.0,65.0,22.0,28.0,Anxiety
517,518.0,27,,Twitter,90.0,3.0,40.0,16.0,24.0,Sadness
518,519.0,23,,LinkedIn,50.0,1.0,12.0,6.0,12.0,Neutral
519,520.0,32,,Instagram,140.0,6.0,75.0,28.0,30.0,Happiness
520,521.0,26,,Facebook,75.0,2.0,30.0,14.0,20.0,Anxiety
521,522.0,24,,Twitter,105.0,4.0,35.0,20.0,23.0,Anger
522,523.0,29,,LinkedIn,60.0,2.0,17.0,8.0,15.0,Boredom
523,524.0,33,,Instagram,190.0,8.0,105.0,36.0,50.0,Happiness
524,525.0,22,,Twitter,70.0,3.0,25.0,16.0,15.0,Sadness
525,526.0,31,,Facebook,80.0,2.0,20.0,10.0,20.0,Neutral
526,527.0,27,,LinkedIn,55.0,1.0,12.0,5.0,11.0,Anxiety
527,528.0,25,,Instagram,160.0,6.0,85.0,26.0,30.0,Happiness
528,529.0,30,,Twitter,90.0,4.0,43.0,19.0,24.0,Anger
529,530.0,26,,Facebook,45.0,1.0,8.0,4.0,12.0,Sadness
530,531.0,34,,LinkedIn,65.0,2.0,17.0,5.0,14.0,Boredom
531,532.0,28,,Instagram,145.0,7.0,80.0,30.0,35.0,Happiness
532,533.0,23,,Twitter,70.0,3.0,30.0,14.0,18.0,Neutral
533,534.0,21,,Instagram,130.0,6.0,95.0,22.0,28.0,Sadness
534,535.0,29,,Facebook,65.0,2.0,27.0,11.0,22.0,Anxiety
535,536.0,24,,LinkedIn,55.0,1.0,11.0,6.0,11.0,Boredom
536,537.0,33,,Instagram,170.0,7.0,95.0,30.0,38.0,Happiness
537,538.0,27,,Twitter,85.0,4.0,45.0,18.0,24.0,Anger
538,539.0,22,,Instagram,115.0,3.0,60.0,17.0,30.0,Neutral
539,540.0,28,,Facebook,100.0,2.0,22.0,12.0,25.0,Anxiety
540,541.0,31,,LinkedIn,45.0,1.0,9.0,4.0,10.0,Sadness
541,542.0,25,,Instagram,150.0,6.0,90.0,26.0,30.0,Happiness
542,543.0,29,,Twitter,95.0,4.0,50.0,22.0,22.0,Anger
543,544.0,23,,Facebook,105.0,2.0,25.0,12.0,18.0,Neutral
544,545.0,35,,LinkedIn,60.0,1.0,15.0,7.0,14.0,Boredom
545,546.0,30,,Instagram,175.0,7.0,100.0,33.0,38.0,Happiness
546,547.0,21,,Twitter,90.0,3.0,37.0,14.0,20.0,Sadness
547,548.0,26,,Facebook,75.0,2.0,30.0,12.0,18.0,Anxiety
548,549.0,32,,Instagram,130.0,5.0,80.0,28.0,31.0,Neutral
549,550.0,28,,LinkedIn,55.0,1.0,12.0,6.0,10.0,Boredom
550,551.0,27,,Instagram,165.0,6.0,85.0,30.0,28.0,Happiness
551,552.0,24,,Twitter,75.0,3.0,33.0,18.0,19.0,Anger
552,553.0,29,,Facebook,85.0,2.0,27.0,9.0,20.0,Neutral
553,554.0,33,,Instagram,145.0,4.0,65.0,23.0,35.0,Sadness
554,555.0,31,,LinkedIn,60.0,1.0,15.0,7.0,17.0,Anxiety
555,556.0,22,,Whatsapp,70.0,2.0,42.0,10.0,21.0,Anxiety
556,557.0,25,,Telegram,90.0,3.0,22.0,11.0,22.0,Boredom
557,558.0,29,,Snapchat,50.0,2.0,18.0,7.0,18.0,Sadness
558,559.0,28,,Twitter,95.0,4.0,48.0,22.0,25.0,Happiness
559,560.0,27,,Facebook,60.0,1.0,12.0,5.0,15.0,Boredom
560,561.0,30,,Instagram,175.0,6.0,72.0,30.0,33.0,Happiness
561,562.0,23,,Whatsapp,70.0,3.0,22.0,10.0,18.0,Anger
562,563.0,34,,Telegram,80.0,2.0,21.0,8.0,20.0,Neutral
563,564.0,26,,Snapchat,120.0,4.0,55.0,18.0,30.0,Anxiety
564,565.0,25,,Twitter,90.0,6.0,42.0,14.0,26.0,Sadness
565,566.0,29,,Facebook,60.0,1.0,12.0,4.0,12.0,Boredom
566,567.0,28,,Instagram,165.0,5.0,78.0,23.0,35.0,Happiness
567,568.0,31,,Whatsapp,65.0,2.0,27.0,10.0,20.0,Neutral
568,569.0,27,,Telegram,105.0,3.0,48.0,20.0,28.0,Anxiety
569,570.0,22,,Snapchat,75.0,2.0,21.0,8.0,20.0,Sadness
570,571.0,24,,Instagram,140.0,4.0,65.0,22.0,30.0,Happiness
571,572.0,35,,Twitter,70.0,1.0,13.0,8.0,10.0,Boredom
572,573.0,21,,Facebook,55.0,3.0,17.0,7.0,12.0,Neutral
573,574.0,29,,Whatsapp,90.0,2.0,24.0,12.0,22.0,Anger
574,575.0,25,,Telegram,80.0,4.0,30.0,13.0,25.0,Neutral
575,576.0,28,,Snapchat,115.0,3.0,38.0,18.0,27.0,Anxiety
576,577.0,32,,Instagram,155.0,6.0,75.0,25.0,38.0,Happiness
577,578.0,26,,Twitter,75.0,2.0,23.0,12.0,18.0,Sadness
578,579.0,33,,Facebook,65.0,1.0,13.0,7.0,14.0,Anxiety
579,580.0,27,,Whatsapp,90.0,4.0,37.0,18.0,20.0,Neutral
580,581.0,31,,Telegram,50.0,2.0,20.0,10.0,12.0,Sadness
581,582.0,24,,Snapchat,85.0,3.0,33.0,20.0,18.0,Happiness
582,583.0,34,,Instagram,120.0,5.0,60.0,25.0,25.0,Anger
583,584.0,22,,Twitter,70.0,1.0,22.0,7.0,22.0,Neutral
584,585.0,29,,Facebook,75.0,2.0,20.0,8.0,20.0,Boredom
585,586.0,28,,Whatsapp,100.0,4.0,37.0,14.0,26.0,Anxiety
586,587.0,31,,Telegram,85.0,3.0,45.0,20.0,28.0,Sadness
587,588.0,21,,Snapchat,60.0,1.0,18.0,7.0,12.0,Neutral
588,589.0,25,,Instagram,170.0,6.0,83.0,30.0,33.0,Happiness
589,590.0,30,,Twitter,70.0,2.0,30.0,12.0,20.0,Anxiety
590,591.0,27,,Facebook,50.0,1.0,10.0,4.0,10.0,Boredom
591,592.0,32,,Whatsapp,105.0,4.0,55.0,25.0,25.0,Anger
592,593.0,24,,Telegram,75.0,3.0,37.0,16.0,22.0,Neutral
593,594.0,29,,Snapchat,95.0,2.0,23.0,10.0,28.0,Sadness
594,595.0,26,,Instagram,150.0,5.0,70.0,25.0,30.0,Anxiety
595,596.0,33,,Twitter,85.0,4.0,35.0,18.0,18.0,Boredom
596,597.0,22,,Facebook,70.0,1.0,14.0,6.0,10.0,Neutral
597,598.0,35,,Whatsapp,110.0,3.0,50.0,25.0,25.0,Happiness
598,599.0,28,,Telegram,60.0,2.0,18.0,8.0,18.0,Anger
599,600.0,27,,Snapchat,120.0,4.0,40.0,18.0,22.0,Neutral
600,601.0,25,,Instagram,120.0,5.0,50.0,20.0,25.0,Happiness
601,602.0,30,,Twitter,90.0,4.0,30.0,20.0,22.0,Anger
602,603.0,22,,Facebook,60.0,2.0,20.0,10.0,15.0,Neutral
603,604.0,28,,Instagram,200.0,8.0,110.0,40.0,45.0,Anxiety
604,605.0,33,,LinkedIn,45.0,1.0,10.0,5.0,12.0,Boredom
605,606.0,21,,Instagram,150.0,5.0,65.0,25.0,30.0,Happiness
606,607.0,27,,Twitter,85.0,3.0,40.0,18.0,20.0,Anger
607,608.0,24,,Facebook,110.0,6.0,35.0,16.0,25.0,Sadness
608,609.0,29,,LinkedIn,55.0,2.0,15.0,5.0,10.0,Neutral
609,610.0,31,,Instagram,170.0,7.0,90.0,35.0,40.0,Happiness
610,611.0,23,,Twitter,75.0,4.0,45.0,20.0,25.0,Anxiety
611,612.0,26,,Facebook,95.0,3.0,30.0,14.0,18.0,Sadness
612,613.0,34,,LinkedIn,65.0,1.0,14.0,6.0,15.0,Boredom
613,614.0,22,,Instagram,180.0,8.0,100.0,38.0,45.0,Happiness
614,615.0,28,,Twitter,100.0,6.0,50.0,30.0,29.0,Anger
615,616.0,21,,Facebook,40.0,1.0,10.0,4.0,12.0,Neutral
616,617.0,35,,Instagram,125.0,5.0,65.0,22.0,28.0,Anxiety
617,618.0,27,,Twitter,90.0,3.0,40.0,16.0,24.0,Sadness
618,619.0,23,,LinkedIn,50.0,1.0,12.0,6.0,12.0,Neutral
619,620.0,32,,Instagram,140.0,6.0,75.0,28.0,30.0,Happiness
620,621.0,26,,Facebook,75.0,2.0,30.0,14.0,20.0,Anxiety
621,622.0,24,,Twitter,105.0,4.0,35.0,20.0,23.0,Anger
622,623.0,29,,LinkedIn,60.0,2.0,17.0,8.0,15.0,Boredom
623,624.0,33,,Instagram,190.0,8.0,105.0,36.0,50.0,Happiness
624,625.0,22,,Twitter,70.0,3.0,25.0,16.0,15.0,Sadness
625,626.0,31,,Facebook,80.0,2.0,20.0,10.0,20.0,Neutral
626,627.0,27,,LinkedIn,55.0,1.0,12.0,5.0,11.0,Anxiety
627,628.0,25,,Instagram,160.0,6.0,85.0,26.0,30.0,Happiness
628,629.0,30,,Twitter,90.0,4.0,43.0,19.0,24.0,Anger
629,630.0,26,,Facebook,45.0,1.0,8.0,4.0,12.0,Sadness
630,631.0,34,,LinkedIn,65.0,2.0,17.0,5.0,14.0,Boredom
631,632.0,28,,Instagram,145.0,7.0,80.0,30.0,35.0,Happiness
632,633.0,23,,Twitter,70.0,3.0,30.0,14.0,18.0,Neutral
633,634.0,21,,Instagram,130.0,6.0,95.0,22.0,28.0,Sadness
634,635.0,29,,Facebook,65.0,2.0,27.0,11.0,22.0,Anxiety
635,636.0,24,,LinkedIn,55.0,1.0,11.0,6.0,11.0,Boredom
636,637.0,33,,Instagram,170.0,7.0,95.0,30.0,38.0,Happiness
637,638.0,27,,Twitter,85.0,4.0,45.0,18.0,24.0,Anger
638,639.0,22,,Instagram,115.0,3.0,60.0,17.0,30.0,Neutral
639,640.0,28,,Facebook,100.0,2.0,22.0,12.0,25.0,Anxiety
640,641.0,31,,LinkedIn,45.0,1.0,9.0,4.0,10.0,Sadness
641,, işte mevcut veri kümesini 1000 satıra tamamlıyorum:,,,,,,,,
642,642.0,25,,Instagram,150.0,6.0,90.0,26.0,30.0,Happiness
643,643.0,29,,Twitter,95.0,4.0,50.0,22.0,22.0,Anger
644,644.0,23,,Facebook,105.0,2.0,25.0,12.0,18.0,Neutral
645,645.0,35,,LinkedIn,60.0,1.0,15.0,7.0,14.0,Boredom
646,646.0,30,,Instagram,175.0,7.0,100.0,33.0,38.0,Happiness
647,647.0,21,,Twitter,90.0,3.0,37.0,14.0,20.0,Sadness
648,648.0,26,,Facebook,75.0,2.0,30.0,12.0,18.0,Anxiety
649,649.0,32,,Instagram,130.0,5.0,80.0,28.0,31.0,Neutral
650,650.0,28,,LinkedIn,55.0,1.0,12.0,6.0,10.0,Boredom
651,651.0,27,,Instagram,165.0,6.0,85.0,30.0,28.0,Happiness
652,652.0,24,,Twitter,75.0,3.0,33.0,18.0,19.0,Anger
653,653.0,29,,Facebook,85.0,2.0,27.0,9.0,20.0,Neutral
654,654.0,33,,Instagram,145.0,4.0,65.0,23.0,35.0,Sadness
655,655.0,31,,LinkedIn,60.0,1.0,15.0,7.0,17.0,Anxiety
656,656.0,22,,Whatsapp,70.0,2.0,42.0,10.0,21.0,Anxiety
657,657.0,25,,Telegram,90.0,3.0,22.0,11.0,22.0,Boredom
658,658.0,29,,Snapchat,50.0,2.0,18.0,7.0,18.0,Sadness
659,659.0,28,,Twitter,95.0,4.0,48.0,22.0,25.0,Happiness
660,660.0,27,,Facebook,60.0,1.0,12.0,5.0,15.0,Boredom
661,661.0,30,,Instagram,175.0,6.0,72.0,30.0,33.0,Happiness
662,662.0,23,,Whatsapp,70.0,3.0,22.0,10.0,18.0,Anger
663,663.0,34,,Telegram,80.0,2.0,21.0,8.0,20.0,Neutral
664,664.0,26,,Snapchat,120.0,4.0,55.0,18.0,30.0,Anxiety
665,665.0,25,,Twitter,90.0,6.0,42.0,14.0,26.0,Sadness
666,666.0,29,,Facebook,60.0,1.0,12.0,4.0,12.0,Boredom
667,667.0,28,,Instagram,165.0,5.0,78.0,23.0,35.0,Happiness
668,668.0,31,,Whatsapp,65.0,2.0,27.0,10.0,20.0,Neutral
669,669.0,27,,Telegram,105.0,3.0,48.0,20.0,28.0,Anxiety
670,670.0,22,,Snapchat,75.0,2.0,21.0,8.0,20.0,Sadness
671,671.0,24,,Instagram,140.0,4.0,65.0,22.0,30.0,Happiness
672,672.0,35,,Twitter,70.0,1.0,13.0,8.0,10.0,Boredom
673,673.0,21,,Facebook,55.0,3.0,17.0,7.0,12.0,Neutral
674,674.0,29,,Whatsapp,90.0,2.0,24.0,12.0,22.0,Anger
675,675.0,25,,Telegram,80.0,4.0,30.0,13.0,25.0,Neutral
676,676.0,28,,Snapchat,115.0,3.0,38.0,18.0,27.0,Anxiety
677,677.0,32,,Instagram,155.0,6.0,75.0,25.0,38.0,Happiness
678,678.0,26,,Twitter,75.0,2.0,23.0,12.0,18.0,Sadness
679,679.0,33,,Facebook,65.0,1.0,13.0,7.0,14.0,Anxiety
680,680.0,27,,Whatsapp,90.0,4.0,37.0,18.0,20.0,Neutral
681,681.0,31,,Telegram,50.0,2.0,20.0,10.0,12.0,Sadness
682,682.0,24,,Snapchat,85.0,3.0,33.0,20.0,18.0,Happiness
683,683.0,34,,Instagram,120.0,5.0,60.0,25.0,25.0,Anger
684,684.0,22,,Twitter,70.0,1.0,22.0,7.0,22.0,Neutral
685,685.0,29,,Facebook,75.0,2.0,20.0,8.0,20.0,Boredom
686,686.0,28,,Whatsapp,100.0,4.0,37.0,14.0,26.0,Anxiety
687,687.0,31,,Telegram,85.0,3.0,45.0,20.0,28.0,Sadness
688,688.0,21,,Snapchat,60.0,1.0,18.0,7.0,12.0,Neutral
689,689.0,25,,Instagram,170.0,6.0,83.0,30.0,33.0,Happiness
690,690.0,30,,Twitter,70.0,2.0,30.0,12.0,20.0,Anxiety
691,691.0,27,,Facebook,50.0,1.0,10.0,4.0,10.0,Boredom
692,692.0,32,,Whatsapp,105.0,4.0,55.0,25.0,25.0,Anger
693,693.0,24,,Telegram,75.0,3.0,37.0,16.0,22.0,Neutral
694,694.0,29,,Snapchat,95.0,2.0,23.0,10.0,28.0,Sadness
695,695.0,26,,Instagram,150.0,5.0,70.0,25.0,30.0,Anxiety
696,696.0,33,,Twitter,85.0,4.0,35.0,18.0,18.0,Boredom
697,697.0,22,,Facebook,70.0,1.0,14.0,6.0,10.0,Neutral
698,698.0,35,,Whatsapp,110.0,3.0,50.0,25.0,25.0,Happiness
699,699.0,28,,Telegram,60.0,2.0,18.0,8.0,18.0,Anger
700,700.0,27,,Snapchat,120.0,4.0,40.0,18.0,22.0,Neutral
701,701.0,25,,Instagram,120.0,5.0,50.0,20.0,25.0,Happiness
702,702.0,30,,Twitter,90.0,4.0,30.0,20.0,22.0,Anger
703,703.0,22,,Facebook,60.0,2.0,20.0,10.0,15.0,Neutral
704,704.0,28,,Instagram,200.0,8.0,110.0,40.0,45.0,Anxiety
705,705.0,33,,LinkedIn,45.0,1.0,10.0,5.0,12.0,Boredom
706,706.0,21,,Instagram,150.0,5.0,65.0,25.0,30.0,Happiness
707,707.0,27,,Twitter,85.0,3.0,40.0,18.0,20.0,Anger
708,708.0,24,,Facebook,110.0,6.0,35.0,16.0,25.0,Sadness
709,709.0,29,,LinkedIn,55.0,2.0,15.0,5.0,10.0,Neutral
710,710.0,31,,Instagram,170.0,7.0,90.0,35.0,40.0,Happiness
711,711.0,23,,Twitter,75.0,4.0,45.0,20.0,25.0,Anxiety
712,712.0,26,,Facebook,95.0,3.0,30.0,14.0,18.0,Sadness
713,713.0,34,,LinkedIn,65.0,1.0,14.0,6.0,15.0,Boredom
714,714.0,22,,Instagram,180.0,8.0,100.0,38.0,45.0,Happiness
715,715.0,28,,Twitter,100.0,6.0,50.0,30.0,29.0,Anger
716,716.0,21,,Facebook,40.0,1.0,10.0,4.0,12.0,Neutral
717,717.0,35,,Instagram,125.0,5.0,65.0,22.0,28.0,Anxiety
718,718.0,27,,Twitter,90.0,3.0,40.0,16.0,24.0,Sadness
719,719.0,23,,LinkedIn,50.0,1.0,12.0,6.0,12.0,Neutral
720,720.0,32,,Instagram,140.0,6.0,75.0,28.0,30.0,Happiness
721,721.0,26,,Facebook,75.0,2.0,30.0,14.0,20.0,Anxiety
722,722.0,24,,Twitter,105.0,4.0,35.0,20.0,23.0,Anger
723,723.0,29,,LinkedIn,60.0,2.0,17.0,8.0,15.0,Boredom
724,724.0,33,,Instagram,190.0,8.0,105.0,36.0,50.0,Happiness
725,725.0,22,,Twitter,70.0,3.0,25.0,16.0,15.0,Sadness
726,726.0,31,,Facebook,80.0,2.0,20.0,10.0,20.0,Neutral
727,727.0,27,,LinkedIn,55.0,1.0,12.0,5.0,11.0,Anxiety
728,728.0,25,,Instagram,160.0,6.0,85.0,26.0,30.0,Happiness
729,729.0,30,,Twitter,90.0,4.0,43.0,19.0,24.0,Anger
730,730.0,26,,Facebook,45.0,1.0,8.0,4.0,12.0,Sadness
731,731.0,34,,LinkedIn,65.0,2.0,17.0,5.0,14.0,Boredom
732,732.0,28,,Instagram,145.0,7.0,80.0,30.0,35.0,Happiness
733,733.0,23,,Twitter,70.0,3.0,30.0,14.0,18.0,Neutral
734,734.0,21,,Instagram,130.0,6.0,95.0,22.0,28.0,Sadness
735,735.0,29,,Facebook,65.0,2.0,27.0,11.0,22.0,Anxiety
736,736.0,24,,LinkedIn,55.0,1.0,11.0,6.0,11.0,Boredom
737,737.0,33,,Instagram,170.0,7.0,95.0,30.0,38.0,Happiness
738,738.0,27,,Twitter,85.0,4.0,45.0,18.0,24.0,Anger
739,739.0,22,,Instagram,115.0,3.0,60.0,17.0,30.0,Neutral
740,740.0,28,,Facebook,100.0,2.0,22.0,12.0,25.0,Anxiety
741,741.0,31,,LinkedIn,45.0,1.0,9.0,4.0,10.0,Sadness
742,742.0,25,,Instagram,150.0,6.0,90.0,26.0,30.0,Happiness
743,743.0,29,,Twitter,95.0,4.0,50.0,22.0,22.0,Anger
744,744.0,23,,Facebook,105.0,2.0,25.0,12.0,18.0,Neutral
745,745.0,35,,LinkedIn,60.0,1.0,15.0,7.0,14.0,Boredom
746,746.0,30,,Instagram,175.0,7.0,100.0,33.0,38.0,Happiness
747,747.0,21,,Twitter,90.0,3.0,37.0,14.0,20.0,Sadness
748,748.0,26,,Facebook,75.0,2.0,30.0,12.0,18.0,Anxiety
749,749.0,32,,Instagram,130.0,5.0,80.0,28.0,31.0,Neutral
750,750.0,28,,LinkedIn,55.0,1.0,12.0,6.0,10.0,Boredom
751,751.0,Male,27.0,Instagram,165.0,6.0,85.0,30.0,28.0,Happiness
752,752.0,Female,24.0,Twitter,75.0,3.0,33.0,18.0,19.0,Anger
753,753.0,Non-binary,29.0,Facebook,85.0,2.0,27.0,9.0,20.0,Neutral
754,754.0,Female,33.0,Instagram,145.0,4.0,65.0,23.0,35.0,Sadness
755,755.0,Male,31.0,LinkedIn,60.0,1.0,15.0,7.0,17.0,Anxiety
756,756.0,Female,22.0,Whatsapp,70.0,2.0,42.0,10.0,21.0,Anxiety
757,757.0,Male,25.0,Telegram,90.0,3.0,22.0,11.0,22.0,Boredom
758,758.0,Non-binary,29.0,Snapchat,50.0,2.0,18.0,7.0,18.0,Sadness
759,759.0,Female,28.0,Twitter,95.0,4.0,48.0,22.0,25.0,Happiness
760,760.0,Male,27.0,Facebook,60.0,1.0,12.0,5.0,15.0,Boredom
761,761.0,Female,30.0,Instagram,175.0,6.0,72.0,30.0,33.0,Happiness
762,762.0,Male,23.0,Whatsapp,70.0,3.0,22.0,10.0,18.0,Anger
763,763.0,Non-binary,34.0,Telegram,80.0,2.0,21.0,8.0,20.0,Neutral
764,764.0,Female,26.0,Snapchat,120.0,4.0,55.0,18.0,30.0,Anxiety
765,765.0,Male,25.0,Twitter,90.0,6.0,42.0,14.0,26.0,Sadness
766,766.0,Non-binary,29.0,Facebook,60.0,1.0,12.0,4.0,12.0,Boredom
767,767.0,Male,28.0,Instagram,165.0,5.0,78.0,23.0,35.0,Happiness
768,768.0,Female,31.0,Whatsapp,65.0,2.0,27.0,10.0,20.0,Neutral
769,769.0,Male,27.0,Telegram,105.0,3.0,48.0,20.0,28.0,Anxiety
770,770.0,Non-binary,22.0,Snapchat,75.0,2.0,21.0,8.0,20.0,Sadness
771,771.0,Female,24.0,Instagram,140.0,4.0,65.0,22.0,30.0,Happiness
772,772.0,Male,35.0,Twitter,70.0,1.0,13.0,8.0,10.0,Boredom
773,773.0,Non-binary,21.0,Facebook,55.0,3.0,17.0,7.0,12.0,Neutral
774,774.0,Female,29.0,Whatsapp,90.0,2.0,24.0,12.0,22.0,Anger
775,775.0,Male,25.0,Telegram,80.0,4.0,30.0,13.0,25.0,Neutral
776,776.0,Non-binary,28.0,Snapchat,115.0,3.0,38.0,18.0,27.0,Anxiety
777,777.0,Female,32.0,Instagram,155.0,6.0,75.0,25.0,38.0,Happiness
778,778.0,Male,26.0,Twitter,75.0,2.0,23.0,12.0,18.0,Sadness
779,779.0,Non-binary,33.0,Facebook,65.0,1.0,13.0,7.0,14.0,Anxiety
780,780.0,Female,27.0,Whatsapp,90.0,4.0,37.0,18.0,20.0,Neutral
781,781.0,Male,31.0,Telegram,50.0,2.0,20.0,10.0,12.0,Sadness
782,782.0,Non-binary,24.0,Snapchat,85.0,3.0,33.0,20.0,18.0,Happiness
783,783.0,Female,34.0,Instagram,120.0,5.0,60.0,25.0,25.0,Anger
784,784.0,Male,22.0,Twitter,70.0,1.0,22.0,7.0,22.0,Neutral
785,785.0,Non-binary,29.0,Facebook,75.0,2.0,20.0,8.0,20.0,Boredom
786,786.0,Female,28.0,Whatsapp,100.0,4.0,37.0,14.0,26.0,Anxiety
787,787.0,Male,31.0,Telegram,85.0,3.0,45.0,20.0,28.0,Sadness
788,788.0,Non-binary,21.0,Snapchat,60.0,1.0,18.0,7.0,12.0,Neutral
789,789.0,25,,Instagram,170.0,6.0,83.0,30.0,33.0,Happiness
790,790.0,30,,Twitter,70.0,2.0,30.0,12.0,20.0,Anxiety
791,791.0,27,,Facebook,50.0,1.0,10.0,4.0,10.0,Boredom
792,792.0,32,,Whatsapp,105.0,4.0,55.0,25.0,25.0,Anger
793,793.0,24,,Telegram,75.0,3.0,37.0,16.0,22.0,Neutral
794,794.0,29,,Snapchat,95.0,2.0,23.0,10.0,28.0,Sadness
795,795.0,26,,Instagram,150.0,5.0,70.0,25.0,30.0,Anxiety
796,796.0,33,,Twitter,85.0,4.0,35.0,18.0,18.0,Boredom
797,797.0,22,,Facebook,70.0,1.0,14.0,6.0,10.0,Neutral
798,798.0,35,,Whatsapp,110.0,3.0,50.0,25.0,25.0,Happiness
799,799.0,28,,Telegram,60.0,2.0,18.0,8.0,18.0,Anger
800,800.0,27,,Snapchat,120.0,4.0,40.0,18.0,22.0,Neutral
801,801.0,25,,Instagram,120.0,5.0,50.0,20.0,25.0,Happiness
802,802.0,30,,Twitter,90.0,4.0,30.0,20.0,22.0,Anger
803,803.0,22,,Facebook,60.0,2.0,20.0,10.0,15.0,Neutral
804,804.0,28,,Instagram,200.0,8.0,110.0,40.0,45.0,Anxiety
805,805.0,33,,LinkedIn,45.0,1.0,10.0,5.0,12.0,Boredom
806,806.0,21,,Instagram,150.0,5.0,65.0,25.0,30.0,Happiness
807,807.0,27,,Twitter,85.0,3.0,40.0,18.0,20.0,Anger
808,808.0,24,,Facebook,110.0,6.0,35.0,16.0,25.0,Sadness
809,809.0,29,,LinkedIn,55.0,2.0,15.0,5.0,10.0,Neutral
810,810.0,31,,Instagram,170.0,7.0,90.0,35.0,40.0,Happiness
811,811.0,23,,Twitter,75.0,4.0,45.0,20.0,25.0,Anxiety
812,812.0,26,,Facebook,95.0,3.0,30.0,14.0,18.0,Sadness
813,813.0,34,,LinkedIn,65.0,1.0,14.0,6.0,15.0,Boredom
814,814.0,22,,Instagram,180.0,8.0,100.0,38.0,45.0,Happiness
815,815.0,28,,Twitter,100.0,6.0,50.0,30.0,29.0,Anger
816,816.0,21,,Facebook,40.0,1.0,10.0,4.0,12.0,Neutral
817,817.0,35,,Instagram,125.0,5.0,65.0,22.0,28.0,Anxiety
818,818.0,27,,Twitter,90.0,3.0,40.0,16.0,24.0,Sadness
819,819.0,23,,LinkedIn,50.0,1.0,12.0,6.0,12.0,Neutral
820,820.0,32,,Instagram,140.0,6.0,75.0,28.0,30.0,Happiness
821,821.0,26,,Facebook,75.0,2.0,30.0,14.0,20.0,Anxiety
822,822.0,24,,Twitter,105.0,4.0,35.0,20.0,23.0,Anger
823,823.0,29,,LinkedIn,60.0,2.0,17.0,8.0,15.0,Boredom
824,824.0,33,,Instagram,190.0,8.0,105.0,36.0,50.0,Happiness
825,825.0,22,,Twitter,70.0,3.0,25.0,16.0,15.0,Sadness
826,826.0,31,,Facebook,80.0,2.0,20.0,10.0,20.0,Neutral
827,827.0,27,,LinkedIn,55.0,1.0,12.0,5.0,11.0,Anxiety
828,828.0,25,,Instagram,160.0,6.0,85.0,26.0,30.0,Happiness
829,829.0,30,,Twitter,90.0,4.0,43.0,19.0,24.0,Anger
830,830.0,26,,Facebook,45.0,1.0,8.0,4.0,12.0,Sadness
831,831.0,34,,LinkedIn,65.0,2.0,17.0,5.0,14.0,Boredom
832,832.0,28,,Instagram,145.0,7.0,80.0,30.0,35.0,Happiness
833,833.0,23,,Twitter,70.0,3.0,30.0,14.0,18.0,Neutral
834,834.0,21,,Instagram,130.0,6.0,95.0,22.0,28.0,Sadness
835,835.0,29,,Facebook,65.0,2.0,27.0,11.0,22.0,Anxiety
836,836.0,24,,LinkedIn,55.0,1.0,11.0,6.0,11.0,Boredom
837,837.0,33,,Instagram,170.0,7.0,95.0,30.0,38.0,Happiness
838,838.0,27,,Twitter,85.0,4.0,45.0,18.0,24.0,Anger
839,839.0,22,,Instagram,115.0,3.0,60.0,17.0,30.0,Neutral
840,840.0,28,,Facebook,100.0,2.0,22.0,12.0,25.0,Anxiety
841,841.0,31,,LinkedIn,45.0,1.0,9.0,4.0,10.0,Sadness
842,842.0,25,,Instagram,150.0,6.0,90.0,26.0,30.0,Happiness
843,843.0,29,,Twitter,95.0,4.0,50.0,22.0,22.0,Anger
844,844.0,23,,Facebook,105.0,2.0,25.0,12.0,18.0,Neutral
845,845.0,35,,LinkedIn,60.0,1.0,15.0,7.0,14.0,Boredom
846,846.0,30,,Instagram,175.0,7.0,100.0,33.0,38.0,Happiness
847,847.0,21,,Twitter,90.0,3.0,37.0,14.0,20.0,Sadness
848,848.0,26,,Facebook,75.0,2.0,30.0,12.0,18.0,Anxiety
849,849.0,32,,Instagram,130.0,5.0,80.0,28.0,31.0,Neutral
850,850.0,28,,LinkedIn,55.0,1.0,12.0,6.0,10.0,Boredom
851,851.0,27,,Instagram,165.0,6.0,85.0,30.0,28.0,Happiness
852,852.0,24,,Twitter,75.0,3.0,33.0,18.0,19.0,Anger
853,853.0,29,,Facebook,85.0,2.0,27.0,9.0,20.0,Neutral
854,854.0,33,,Instagram,145.0,4.0,65.0,23.0,35.0,Sadness
855,855.0,31,,LinkedIn,60.0,1.0,15.0,7.0,17.0,Anxiety
856,856.0,22,,Whatsapp,70.0,2.0,42.0,10.0,21.0,Anxiety
857,857.0,25,,Telegram,90.0,3.0,22.0,11.0,22.0,Boredom
858,858.0,29,,Snapchat,50.0,2.0,18.0,7.0,18.0,Sadness
859,859.0,28,,Twitter,95.0,4.0,48.0,22.0,25.0,Happiness
860,860.0,27,,Facebook,60.0,1.0,12.0,5.0,15.0,Boredom
861,861.0,30,,Instagram,175.0,6.0,72.0,30.0,33.0,Happiness
862,862.0,23,,Whatsapp,70.0,3.0,22.0,10.0,18.0,Anger
863,863.0,34,,Telegram,80.0,2.0,21.0,8.0,20.0,Neutral
864,864.0,26,,Snapchat,120.0,4.0,55.0,18.0,30.0,Anxiety
865,865.0,25,,Twitter,90.0,6.0,42.0,14.0,26.0,Sadness
866,866.0,29,,Facebook,60.0,1.0,12.0,4.0,12.0,Boredom
867,867.0,28,,Instagram,165.0,5.0,78.0,23.0,35.0,Happiness
868,868.0,31,,Whatsapp,65.0,2.0,27.0,10.0,20.0,Neutral
869,869.0,27,,Telegram,105.0,3.0,48.0,20.0,28.0,Anxiety
870,870.0,22,,Snapchat,75.0,2.0,21.0,8.0,20.0,Sadness
871,871.0,24,,Instagram,140.0,4.0,65.0,22.0,30.0,Happiness
872,872.0,35,,Twitter,70.0,1.0,13.0,8.0,10.0,Boredom
873,873.0,21,,Facebook,55.0,3.0,17.0,7.0,12.0,Neutral
874,874.0,29,,Whatsapp,90.0,2.0,24.0,12.0,22.0,Anger
875,875.0,25,,Telegram,80.0,4.0,30.0,13.0,25.0,Neutral
876,876.0,28,,Snapchat,115.0,3.0,38.0,18.0,27.0,Anxiety
877,877.0,32,,Instagram,155.0,6.0,75.0,25.0,38.0,Happiness
878,878.0,26,,Twitter,75.0,2.0,23.0,12.0,18.0,Sadness
879,879.0,33,,Facebook,65.0,1.0,13.0,7.0,14.0,Anxiety
880,880.0,27,,Whatsapp,90.0,4.0,37.0,18.0,20.0,Neutral
881,881.0,31,,Telegram,50.0,2.0,20.0,10.0,12.0,Sadness
882,882.0,24,,Snapchat,85.0,3.0,33.0,20.0,18.0,Happiness
883,883.0,34,,Instagram,120.0,5.0,60.0,25.0,25.0,Anger
884,884.0,22,,Twitter,70.0,1.0,22.0,7.0,22.0,Neutral
885,885.0,29,,Facebook,75.0,2.0,20.0,8.0,20.0,Boredom
886,886.0,28,,Whatsapp,100.0,4.0,37.0,14.0,26.0,Anxiety
887,887.0,31,,Telegram,85.0,3.0,45.0,20.0,28.0,Sadness
888,888.0,21,,Snapchat,60.0,1.0,18.0,7.0,12.0,Neutral
889,889.0,25,,Instagram,170.0,6.0,83.0,30.0,33.0,Happiness
890,890.0,30,,Twitter,70.0,2.0,30.0,12.0,20.0,Anxiety
891,891.0,27,,Facebook,50.0,1.0,10.0,4.0,10.0,Boredom
892,892.0,32,,Whatsapp,105.0,4.0,55.0,25.0,25.0,Anger
893,893.0,24,,Telegram,75.0,3.0,37.0,16.0,22.0,Neutral
894,894.0,29,,Snapchat,95.0,2.0,23.0,10.0,28.0,Sadness
895,895.0,26,,Instagram,150.0,5.0,70.0,25.0,30.0,Anxiety
896,896.0,33,,Twitter,85.0,4.0,35.0,18.0,18.0,Boredom
897,897.0,22,,Facebook,70.0,1.0,14.0,6.0,10.0,Neutral
898,898.0,35,,Whatsapp,110.0,3.0,50.0,25.0,25.0,Happiness
899,899.0,28,,Telegram,60.0,2.0,18.0,8.0,18.0,Anger
900,900.0,27,,Snapchat,120.0,4.0,40.0,18.0,22.0,Neutral
901,901.0,25,,Instagram,120.0,5.0,50.0,20.0,25.0,Happiness
902,902.0,30,,Twitter,90.0,4.0,30.0,20.0,22.0,Anger
903,903.0,22,,Facebook,60.0,2.0,20.0,10.0,15.0,Neutral
904,904.0,28,,Instagram,200.0,8.0,110.0,40.0,45.0,Anxiety
905,905.0,33,,LinkedIn,45.0,1.0,10.0,5.0,12.0,Boredom
906,906.0,21,,Instagram,150.0,5.0,65.0,25.0,30.0,Happiness
907,907.0,27,,Twitter,85.0,3.0,40.0,18.0,20.0,Anger
908,908.0,24,,Facebook,110.0,6.0,35.0,16.0,25.0,Sadness
909,909.0,29,,LinkedIn,55.0,2.0,15.0,5.0,10.0,Neutral
910,910.0,31,,Instagram,170.0,7.0,90.0,35.0,40.0,Happiness
911,911.0,23,,Twitter,75.0,4.0,45.0,20.0,25.0,Anxiety
912,912.0,26,,Facebook,95.0,3.0,30.0,14.0,18.0,Sadness
913,913.0,34,,LinkedIn,65.0,1.0,14.0,6.0,15.0,Boredom
914,914.0,22,,Instagram,180.0,8.0,100.0,38.0,45.0,Happiness
915,915.0,28,,Twitter,100.0,6.0,50.0,30.0,29.0,Anger
916,916.0,21,,Facebook,40.0,1.0,10.0,4.0,12.0,Neutral
917,917.0,35,,Instagram,125.0,5.0,65.0,22.0,28.0,Anxiety
918,918.0,27,,Twitter,90.0,3.0,40.0,16.0,24.0,Sadness
919,919.0,23,,LinkedIn,50.0,1.0,12.0,6.0,12.0,Neutral
920,920.0,32,,Instagram,140.0,6.0,75.0,28.0,30.0,Happiness
921,921.0,26,,Facebook,75.0,2.0,30.0,14.0,20.0,Anxiety
922,922.0,24,,Twitter,105.0,4.0,35.0,20.0,23.0,Anger
923,923.0,29,,LinkedIn,60.0,2.0,17.0,8.0,15.0,Boredom
924,924.0,33,,Instagram,190.0,8.0,105.0,36.0,50.0,Happiness
925,925.0,22,,Twitter,70.0,3.0,25.0,16.0,15.0,Sadness
926,926.0,31,,Facebook,80.0,2.0,20.0,10.0,20.0,Neutral
927,927.0,27,,LinkedIn,55.0,1.0,12.0,5.0,11.0,Anxiety
928,928.0,25,,Instagram,160.0,6.0,85.0,26.0,30.0,Happiness
929,929.0,30,,Twitter,90.0,4.0,43.0,19.0,24.0,Anger
930,930.0,26,,Facebook,45.0,1.0,8.0,4.0,12.0,Sadness
931,931.0,34,,LinkedIn,65.0,2.0,17.0,5.0,14.0,Boredom
932,932.0,28,,Instagram,145.0,7.0,80.0,30.0,35.0,Happiness
933,933.0,23,,Twitter,70.0,3.0,30.0,14.0,18.0,Neutral
934,934.0,21,,Instagram,130.0,6.0,95.0,22.0,28.0,Sadness
935,935.0,29,,Facebook,65.0,2.0,27.0,11.0,22.0,Anxiety
936,936.0,24,,LinkedIn,55.0,1.0,11.0,6.0,11.0,Boredom
937,937.0,33,,Instagram,170.0,7.0,95.0,30.0,38.0,Happiness
938,938.0,27,,Twitter,85.0,4.0,45.0,18.0,24.0,Anger
939,939.0,22,,Instagram,115.0,3.0,60.0,17.0,30.0,Neutral
940,940.0,28,,Facebook,100.0,2.0,22.0,12.0,25.0,Anxiety
941,941.0,31,,LinkedIn,45.0,1.0,9.0,4.0,10.0,Sadness
942,942.0,25,,Instagram,150.0,6.0,90.0,26.0,30.0,Happiness
943,943.0,29,,Twitter,95.0,4.0,50.0,22.0,22.0,Anger
944,944.0,23,,Facebook,105.0,2.0,25.0,12.0,18.0,Neutral
945,945.0,35,,LinkedIn,60.0,1.0,15.0,7.0,14.0,Boredom
946,946.0,30,,Instagram,175.0,7.0,100.0,33.0,38.0,Happiness
947,947.0,21,,Twitter,90.0,3.0,37.0,14.0,20.0,Sadness
948,948.0,26,,Facebook,75.0,2.0,30.0,12.0,18.0,Anxiety
949,949.0,32,,Instagram,130.0,5.0,80.0,28.0,31.0,Neutral
950,950.0,28,,LinkedIn,55.0,1.0,12.0,6.0,10.0,Boredom
951,951.0,27,,Instagram,165.0,6.0,85.0,30.0,28.0,Happiness
952,952.0,24,,Twitter,75.0,3.0,33.0,18.0,19.0,Anger
953,953.0,29,,Facebook,85.0,2.0,27.0,9.0,20.0,Neutral
954,954.0,33,,Instagram,145.0,4.0,65.0,23.0,35.0,Sadness
955,955.0,31,,LinkedIn,60.0,1.0,15.0,7.0,17.0,Anxiety
956,956.0,22,,Whatsapp,70.0,2.0,42.0,10.0,21.0,Anxiety
957,957.0,25,,Telegram,90.0,3.0,22.0,11.0,22.0,Boredom
958,958.0,29,,Snapchat,50.0,2.0,18.0,7.0,18.0,Sadness
959,959.0,28,,Twitter,95.0,4.0,48.0,22.0,25.0,Happiness
960,960.0,27,,Facebook,60.0,1.0,12.0,5.0,15.0,Boredom
961,961.0,30,,Instagram,175.0,6.0,72.0,30.0,33.0,Happiness
962,962.0,23,,Whatsapp,70.0,3.0,22.0,10.0,18.0,Anger
963,963.0,34,,Telegram,80.0,2.0,21.0,8.0,20.0,Neutral
964,964.0,26,,Snapchat,120.0,4.0,55.0,18.0,30.0,Anxiety
965,965.0,25,,Twitter,90.0,6.0,42.0,14.0,26.0,Sadness
966,966.0,29,,Facebook,60.0,1.0,12.0,4.0,12.0,Boredom
967,967.0,28,,Instagram,165.0,5.0,78.0,23.0,35.0,Happiness
968,968.0,31,,Whatsapp,65.0,2.0,27.0,10.0,20.0,Neutral
969,969.0,27,,Telegram,105.0,3.0,48.0,20.0,28.0,Anxiety
970,970.0,22,,Snapchat,75.0,2.0,21.0,8.0,20.0,Sadness
971,971.0,24,,Instagram,140.0,4.0,65.0,22.0,30.0,Happiness
972,972.0,35,,Twitter,70.0,1.0,13.0,8.0,10.0,Boredom
973,973.0,21,,Facebook,55.0,3.0,17.0,7.0,12.0,Neutral
974,974.0,29,,Whatsapp,90.0,2.0,24.0,12.0,22.0,Anger
975,975.0,25,,Telegram,80.0,4.0,30.0,13.0,25.0,Neutral
976,976.0,28,,Snapchat,115.0,3.0,38.0,18.0,27.0,Anxiety
977,977.0,32,,Instagram,155.0,6.0,75.0,25.0,38.0,Happiness
978,978.0,26,,Twitter,75.0,2.0,23.0,12.0,18.0,Sadness
979,979.0,33,,Facebook,65.0,1.0,13.0,7.0,14.0,Anxiety
980,980.0,27,,Whatsapp,90.0,4.0,37.0,18.0,20.0,Neutral
981,981.0,31,,Telegram,50.0,2.0,20.0,10.0,12.0,Sadness
982,982.0,24,,Snapchat,85.0,3.0,33.0,20.0,18.0,Happiness
983,983.0,34,,Instagram,120.0,5.0,60.0,25.0,25.0,Anger
984,984.0,22,,Twitter,70.0,1.0,22.0,7.0,22.0,Neutral
985,985.0,29,,Facebook,75.0,2.0,20.0,8.0,20.0,Boredom
986,986.0,28,,Whatsapp,100.0,4.0,37.0,14.0,26.0,Anxiety
987,987.0,31,,Telegram,85.0,3.0,45.0,20.0,28.0,Sadness
988,988.0,21,,Snapchat,60.0,1.0,18.0,7.0,12.0,Neutral
989,989.0,25,,Instagram,170.0,6.0,83.0,30.0,33.0,Happiness
990,990.0,30,,Twitter,70.0,2.0,30.0,12.0,20.0,Anxiety
991,991.0,27,,Facebook,50.0,1.0,10.0,4.0,10.0,Boredom
992,992.0,32,,Whatsapp,105.0,4.0,55.0,25.0,25.0,Anger
993,993.0,24,,Telegram,75.0,3.0,37.0,16.0,22.0,Neutral
994,994.0,29,,Snapchat,95.0,2.0,23.0,10.0,28.0,Sadness
995,995.0,26,,Instagram,150.0,5.0,70.0,25.0,30.0,Anxiety
996,996.0,33,,Twitter,85.0,4.0,35.0,18.0,18.0,Boredom
997,997.0,22,,Facebook,70.0,1.0,14.0,6.0,10.0,Neutral
998,998.0,35,,Whatsapp,110.0,3.0,50.0,25.0,25.0,Happiness
999,999.0,28,,Telegram,60.0,2.0,18.0,8.0,18.0,Anger
1000,1000.0,27,,Snapchat,120.0,4.0,40.0,18.0,22.0,Neutral
